"event","time","CCND1","CRIM1","DEPDC1","IRF4","TP53","WHSC1","molecular_group_Cyclin D-1","molecular_group_Cyclin D-2","molecular_group_Hyperdiploid","molecular_group_Low bone disease","molecular_group_MAF","molecular_group_MMSET","molecular_group_Proliferation","chr1q21_status_2 copies","chr1q21_status_3 copies","chr1q21_status_4+ copies","chr1q21_status_NA","CTA.predicted.event"
0,69.24,9908.4,420.9,523.5,16156.5,10,261.9,1,0,0,0,0,0,0,0,1,0,0,0
0,66.43,16698.8,52,21.1,16946.2,1056.9,363.8,0,1,0,0,0,0,0,1,0,0,0,0
0,66.5,294.5,617.9,192.9,8903.9,1762.8,10042.9,0,0,0,0,0,1,0,1,0,0,0,1
1,42.67,241.9,11.9,184.7,11894.7,946.8,4931,0,0,0,0,0,1,0,0,1,0,0,1
0,65,472.6,38.8,212,7563.1,361.4,165,0,0,0,0,1,0,0,NA,NA,NA,1,0
0,65.2,664.1,16.9,341.6,16023.4,2096.3,569.2,0,0,1,0,0,0,0,1,0,0,0,0
1,38.27,1011.1,151.9,154.1,16301.2,2580,165.1,0,0,1,0,0,0,0,1,0,0,0,0
0,64.33,1986,81.7,195.5,12960.5,2309.4,361.8,0,0,1,0,0,0,0,1,0,0,0,0
1,7.8,691,9.1,1134.7,11314.9,674.7,454.9,0,0,0,0,0,0,1,0,1,0,0,1
1,8.84,894,11.8,187.3,6729.1,1368.4,54.1,0,0,1,0,0,0,0,0,1,0,0,0
1,36.1,47.7,967.2,422.7,12022.9,1511.8,10156.7,0,0,0,0,0,1,0,0,0,1,0,1
1,20.13,892.7,85.1,568,20915.9,1191.7,412.4,0,0,0,0,0,0,1,0,0,1,0,1
0,61.71,1195.5,69.8,140.9,13023.2,977.8,244.5,0,0,1,0,0,0,0,1,0,0,0,0
1,29.18,2778.8,1221.9,39.5,11750.1,3323.9,210.7,0,0,1,0,0,0,0,NA,NA,NA,1,0
1,57.85,234.9,17.1,185.2,10386.5,1246.5,223.7,0,0,0,0,0,0,1,NA,NA,NA,1,1
1,45.61,1034.1,64.8,448.7,5693.9,183.6,356.1,0,0,1,0,0,0,0,NA,NA,NA,1,0
0,61.33,15103.6,458.1,327.7,15158.6,870.6,531.9,1,0,0,0,0,0,0,NA,NA,NA,1,0
1,27.3,360.5,446.5,346.2,14651,2343.6,71.3,0,0,0,0,0,0,1,0,0,1,0,1
1,52.03,11630,410.1,451.7,10355.7,1950.7,35.7,1,0,0,0,0,0,0,1,0,0,0,0
0,60.1,218.2,29.9,60.1,18770.3,1647,103.9,0,0,0,0,0,0,1,0,0,1,0,1
1,39.25,2131,5.7,51.9,10896.3,1230.4,46.1,0,0,1,0,0,0,0,NA,NA,NA,1,0
1,1.6,11281.4,28.1,473.5,12052.9,1163.5,211.2,0,0,0,1,0,0,0,0,1,0,0,0
0,59.38,12352.3,25.9,492.3,19821.7,1112.6,93.4,0,1,0,0,0,0,0,NA,NA,NA,1,0
1,29.83,21031.6,380.7,185.8,11770.8,980.5,52.5,1,0,0,0,0,0,0,NA,NA,NA,1,0
0,57.73,104.6,519.9,161.5,14735.2,748.3,460.6,0,0,0,1,0,0,0,NA,NA,NA,1,0
1,29.93,398.7,952.9,73.8,14646.5,389.1,15661.8,0,0,0,0,0,1,0,0,1,0,0,1
0,57.78,16267,305.4,444.2,15571.6,2071.1,126.7,0,1,0,0,0,0,0,NA,NA,NA,1,0
0,50.97,459.3,165.6,183.5,8514.8,925.1,73.2,0,0,0,1,0,0,0,NA,NA,NA,1,0
0,58.67,14406.1,215,31.2,12618,2009.7,29.9,1,0,0,0,0,0,0,NA,NA,NA,1,0
1,26.23,539.2,15.1,714.8,10700.7,2625.1,494.4,0,0,0,0,0,0,1,0,1,0,0,1
1,49.4,352.1,32.3,158.2,9220.6,960,284.6,0,0,0,1,0,0,0,0,1,0,0,0
0,59.13,873.7,2.1,138.4,11001.3,1063.2,72.9,0,0,1,0,0,0,0,NA,NA,NA,1,0
0,57.83,423.4,320,20.2,15869,844.7,62.5,0,0,0,1,0,0,0,0,0,1,0,0
0,57.31,12505.7,291.1,184.3,10124.6,1041.5,94.9,0,0,1,0,0,0,0,NA,NA,NA,1,0
1,21.05,327.3,316.2,546,16612.2,1376.3,5813.3,0,0,0,0,0,1,0,0,1,0,0,1
1,52.22,1012.4,44.7,31.9,12190,2251.4,67.2,0,0,1,0,0,0,0,NA,NA,NA,1,0
0,59.7,283.1,205.4,87.8,14137,1022.3,7644.5,0,0,0,0,0,1,0,0,1,0,0,1
0,59.63,225.5,63.2,249.4,8257,1521,30.9,0,0,0,0,0,0,1,NA,NA,NA,1,1
0,58.98,2384.7,8.3,49.5,15030.2,1287.2,73.6,0,0,1,0,0,0,0,NA,NA,NA,1,0
0,56.61,1042.5,125,164.6,16100,1314.8,44.6,0,0,1,0,0,0,0,NA,NA,NA,1,0
0,59.43,329.9,477.3,136,6262.8,982,2521.5,0,0,0,0,0,1,0,NA,NA,NA,1,1
0,54.71,452.7,601.9,21.5,11780.8,1227,10039.9,0,0,0,0,0,1,0,NA,NA,NA,1,1
1,23.97,344.6,39.5,979.5,8884.6,242.8,381.2,0,0,0,0,1,0,0,0,1,0,0,0
0,56.33,1461.6,13.8,270.6,17680.9,1396.1,106.2,0,0,1,0,0,0,0,NA,NA,NA,1,0
0,56.22,777.3,592.2,47.5,9484.2,809.5,120.1,0,0,0,1,0,0,0,NA,NA,NA,1,0
1,43.85,2289.1,90.2,297.1,15154.3,1633.6,91.1,0,0,1,0,0,0,0,1,0,0,0,0
0,55.73,881.2,34.9,358.2,13521.8,726.1,64.4,0,0,1,0,0,0,0,NA,NA,NA,1,0
0,55.03,25532.7,5.5,272.3,15782.8,1088.2,540.7,1,0,0,0,0,0,0,1,0,0,0,0
1,9.08,605.4,971.4,414.7,11573.4,979.3,7968.1,0,0,0,0,0,1,0,NA,NA,NA,1,1
1,19,1534.3,134.5,189.8,8140.7,996.6,5923.9,0,0,0,0,0,1,0,NA,NA,NA,1,1
1,0,155.1,494.3,401.1,14353.1,593.5,230.6,0,1,0,0,0,0,0,NA,NA,NA,1,NA
1,23.85,3725.9,112.6,60.4,12682.4,632.8,89,0,0,0,0,1,0,0,NA,NA,NA,1,0
1,39.78,8141.8,588.1,529,7051.5,1299.5,368.2,0,0,0,0,0,0,1,1,0,0,0,1
0,65.47,353.6,74.7,133.9,11708.6,1080.3,59.4,0,0,0,1,0,0,0,0,0,1,0,0
1,47.43,784.4,399.6,287.1,14637.4,1468.2,7999.7,0,0,0,0,0,1,0,1,0,0,0,1
0,52.93,155.6,172.7,329,11631.6,927.1,9116.1,0,0,0,0,0,1,0,1,0,0,0,1
0,54,318.4,17.2,94.3,12540.9,2038.6,401.1,0,0,0,1,0,0,0,NA,NA,NA,1,0
0,53.8,1569.2,25.3,136.6,15350,2811,316.4,0,0,1,0,0,0,0,NA,NA,NA,1,0
0,54.03,182.6,827.6,126.6,32121.9,1703.6,51.4,1,0,0,0,0,0,0,NA,NA,NA,1,0
0,53.85,760.2,334.7,39.8,10513.8,1784.9,60.2,0,0,0,1,0,0,0,0,1,0,0,0
0,53.63,503.1,44.8,318.7,10767.1,1474.3,234.9,0,0,1,0,0,0,0,1,0,0,0,0
1,15.08,14729.1,29.8,53.5,13223.7,719.1,136.9,0,1,0,0,0,0,0,0,1,0,0,0
0,53.15,562.7,243.3,54.7,7922.1,1362.8,2718.2,0,0,0,0,0,1,0,NA,NA,NA,1,1
0,53.3,304,43.9,102.8,13744.3,1550.9,77.6,0,0,0,1,0,0,0,0,1,0,0,0
0,53.2,14117.8,132.2,481.8,4174.5,1164.7,76.5,0,1,0,0,0,0,0,1,0,0,0,0
0,53.1,17479.9,405.3,475.2,3038,1128.8,116.5,1,0,0,0,0,0,0,1,0,0,0,0
0,52.93,1288.4,8.4,326.3,14111.1,1196.5,61.6,0,0,0,0,0,0,1,0,1,0,0,1
1,21.6,204.5,1329.6,733.3,10768,1001.7,8006.8,0,0,0,0,0,1,0,0,1,0,0,1
1,7.48,307,478.2,529.5,19919.1,726,23600.1,0,0,0,0,0,1,0,0,0,1,0,1
1,3.2,709.5,16,123.4,16302.6,1179.7,59.8,0,0,1,0,0,0,0,NA,NA,NA,1,0
0,52.4,292.3,42.5,45.6,26981.9,1269.7,96.6,0,0,0,0,1,0,0,NA,NA,NA,1,0
0,52.13,764.1,541.6,278.3,12867,1122.4,6668.8,0,0,0,0,0,1,0,NA,NA,NA,1,1
0,52.2,870.3,27,228.9,11477.5,1211.9,59.6,0,0,1,0,0,0,0,NA,NA,NA,1,0
1,1.6,158.5,27,288.7,16631.3,598.9,13198.7,0,0,0,0,0,1,0,0,1,0,0,1
1,17.79,159,580.6,240.9,22704,2338.2,4424,0,0,0,0,0,1,0,0,1,0,0,1
1,37.83,482.2,394,162.1,13285.8,1328.2,3843.7,0,0,0,0,0,1,0,NA,NA,NA,1,1
1,36.13,695.1,11.5,201.1,13122.7,1252.4,159.3,0,0,1,0,0,0,0,1,0,0,0,0
1,11.28,230,53,779.7,9484.2,1261.6,6221.8,0,0,0,0,0,0,1,1,0,0,0,1
0,51.65,1214.9,26,206.1,15520.8,2275.9,41.6,0,0,1,0,0,0,0,NA,NA,NA,1,0
0,33.78,1011.6,20.1,62.4,15908.5,1955.4,61.7,0,0,1,0,0,0,0,NA,NA,NA,1,0
0,50.94,9581.5,248.2,546.6,9174,2005.6,66.8,1,0,0,0,0,0,0,1,0,0,0,0
0,50.75,730.3,67.9,187.7,15556.9,2509.2,84.5,0,0,1,0,0,0,0,1,0,0,0,0
0,50.63,162.4,6.6,27.5,12096.4,3222.1,149.7,0,0,0,1,0,0,0,NA,NA,NA,1,0
1,14.77,96.9,9.6,913.3,8642.4,222,1056.9,0,0,0,0,1,0,0,NA,NA,NA,1,0
0,50.01,409.9,11.7,213.5,21881.8,1504.2,262.9,0,0,1,0,0,0,0,1,0,0,0,0
0,49.23,127.1,303,93.7,19525.6,1783.2,11783.9,0,0,0,0,0,1,0,0,1,0,0,1
0,49.61,555.9,56,104.5,12408.7,3022.6,96.2,0,0,1,0,0,0,0,1,0,0,0,0
0,49.55,587.7,13.9,147.9,15626.1,2135.2,241.1,0,0,0,1,0,0,0,1,0,0,0,0
0,49.38,545.9,16,370.4,13137.4,1574,1116.7,0,0,0,0,1,0,0,NA,NA,NA,1,0
0,48.21,508.2,17.9,55.8,9590.4,1566,49.3,0,0,0,1,0,0,0,0,1,0,0,0
0,48.87,1066.7,2.2,177.4,15272.2,1985.4,81.1,0,0,1,0,0,0,0,1,0,0,0,0
0,48.21,382.4,802.2,526.9,9347,1190.5,4689.4,0,0,0,0,0,1,0,0,0,1,0,1
0,47.27,14994.8,19.5,62.6,9058.5,1573.7,304.8,0,1,0,0,0,0,0,1,0,0,0,0
0,46.98,10502.8,299,1224.8,6088.5,583.3,199.1,1,0,0,0,0,0,0,1,0,0,0,0
1,1.93,19637.6,57.6,141.7,7735.5,732.8,70,0,1,0,0,0,0,0,1,0,0,0,0
0,46.67,958.1,717.4,239.5,18672.9,1879.9,130.5,0,0,1,0,0,0,0,1,0,0,0,0
1,33.04,483.4,455.3,284,7074.1,1072.7,6805.3,0,0,0,0,0,1,0,1,0,0,0,1
1,15.63,6262.1,1105.5,573.7,11665.8,1333.6,661.8,0,0,0,0,0,0,1,0,0,1,0,1
1,39.4,391.1,196,61,10284.6,1374.9,3637.1,0,0,0,0,0,1,0,0,1,0,0,1
1,10.73,255.2,240.6,544,13176.7,1465.9,7631.3,0,0,0,0,0,1,0,0,0,1,0,1
0,45.43,333.4,825.1,829.9,20262.4,756.9,19284.5,0,0,0,0,0,1,0,0,1,0,0,1
0,45.43,1124.7,8.9,45.3,17258.2,2423.4,55,0,0,1,0,0,0,0,1,0,0,0,0
0,45.43,612.9,17.7,341.8,7121.9,1137.9,295,0,0,0,1,0,0,0,1,0,0,0,0
0,45.17,825.9,119.5,212.8,11866.4,2866.2,138.8,0,0,1,0,0,0,0,1,0,0,0,0
0,45.23,235.5,17.3,130.7,12156.3,1455.5,49.1,0,0,0,0,1,0,0,NA,NA,NA,1,0
1,20.73,12599.5,86.8,99,15309.4,3802,76.7,1,0,0,0,0,0,0,1,0,0,0,0
0,44.97,501.9,1353.8,315.2,18069.4,1953.5,544,1,0,0,0,0,0,0,0,1,0,0,0
0,44.97,814.3,23.1,188.8,5133.8,2564.6,67.7,0,0,1,0,0,0,0,1,0,0,0,0
1,14.33,748.5,43.9,50,9699.6,3312.8,77.7,0,0,1,0,0,0,0,1,0,0,0,0
0,44.8,772.7,82.3,232.2,8447.7,1406,162.4,0,0,0,1,0,0,0,1,0,0,0,0
0,44.55,257.7,10.7,178.6,18788.6,1493,674.6,0,0,0,1,0,0,0,NA,NA,NA,1,0
1,19.63,1593.5,100,408.7,8315.7,1617.9,455.6,0,0,1,0,0,0,0,1,0,0,0,0
0,46.57,16700,14,527.2,7956.5,1130.7,74.9,0,1,0,0,0,0,0,1,0,0,0,0
0,44.2,875,24,27.1,15588.4,2970.5,426,0,0,1,0,0,0,0,1,0,0,0,0
0,43.97,18134.2,2750.6,302.8,24923.7,1986.3,425.2,0,1,0,0,0,0,0,1,0,0,0,0
0,43.8,530.9,10.2,172.9,17366.6,2092,95.5,0,0,1,0,0,0,0,1,0,0,0,0
0,43.49,163.8,342.8,585.8,12399.7,2573.3,6471.6,0,0,0,0,0,0,1,0,0,1,0,1
0,43.54,652.3,2.8,110.7,14602.3,2204.7,49.6,0,0,1,0,0,0,0,1,0,0,0,0
0,43.37,44.1,3096.3,244.5,12127.6,1233.1,72.3,0,1,0,0,0,0,0,1,0,0,0,0
1,28.67,524.7,7.3,327.5,21152.8,2600.4,68.7,0,0,1,0,0,0,0,NA,NA,NA,1,0
1,30.57,548.7,55.1,629.3,13691.5,2463.9,158.1,0,0,0,0,0,0,1,NA,NA,NA,1,1
0,43.17,186.2,43.2,151.4,10546,1087.5,107.9,0,0,0,0,1,0,0,NA,NA,NA,1,0
0,42.9,588.4,6.5,28.7,19032.1,2664.5,70.6,0,0,1,0,0,0,0,NA,NA,NA,1,0
1,12.27,334.8,188.7,499.6,10211.5,1722.5,3219.8,0,0,0,0,0,1,0,0,1,0,0,1
0,42.47,13473.5,429.8,900.8,15044.8,1793.9,495.7,0,1,0,0,0,0,0,0,1,0,0,0
0,42.17,1792,10,125.1,15036,1123.9,64.5,0,0,1,0,0,0,0,1,0,0,0,0
0,42.12,17478.7,5.6,273.9,8310.4,1378.6,75.7,0,1,0,0,0,0,0,1,0,0,0,0
0,41.47,967,56.5,435.3,18206.7,2348.2,254,0,0,0,0,0,0,1,1,0,0,0,1
0,41.27,137.5,135.8,607.7,13530.6,1340,5955.3,0,0,0,0,0,1,0,0,0,1,0,1
1,17.27,204.2,436.5,185,15438.3,1495.7,775.2,0,0,0,0,1,0,0,1,0,0,0,0
0,40.83,262.1,506.7,50.3,10801,2261.2,3205.6,0,0,0,0,0,1,0,NA,NA,NA,1,1
0,40.77,606.4,7,812.6,15539.1,1544.5,591.6,0,0,0,0,0,0,1,0,0,1,0,1
0,40.57,681.8,42.9,40.3,19870.8,1677.8,89.1,0,0,1,0,0,0,0,1,0,0,0,0
0,40.03,210.2,416.7,296.5,14007.8,1163.8,6289.1,0,0,0,0,0,1,0,0,0,1,0,1
0,40.08,25949.9,12.3,200.9,21533.3,1332.8,552.6,0,1,0,0,0,0,0,1,0,0,0,0
0,40.1,10136.4,56.2,33.1,10753.9,1123.2,65,0,1,0,0,0,0,0,0,1,0,0,0
0,39.58,313.8,61,196.5,9447.2,738.7,64,0,1,0,0,0,0,0,0,1,0,0,0
0,39.67,1163.9,12.9,53.6,12861.7,1186.1,60.7,0,0,1,0,0,0,0,NA,NA,NA,1,0
1,36.93,20214.3,14.9,483,20617.2,2003.1,127.2,0,1,0,0,0,0,0,NA,NA,NA,1,0
0,38.34,186.8,55.7,251.7,6245.4,1129.1,72,0,0,0,0,1,0,0,0,1,0,0,0
0,39.18,13525.2,21.6,251.7,12320.9,1851.2,38,0,1,0,0,0,0,0,NA,NA,NA,1,0
0,39.3,147.8,3.6,204.5,10352.7,898.8,95.6,0,0,0,1,0,0,0,NA,NA,NA,1,0
1,7.03,690.6,351.5,287.8,16428.6,2250,81.2,0,0,0,1,0,0,0,NA,NA,NA,1,0
1,10.67,26041.3,15.3,328.2,10145,1060.4,68.6,0,1,0,0,0,0,0,1,0,0,0,0
1,32.43,404,64.2,42.1,9982.8,137.5,4324.2,0,0,0,0,0,1,0,0,1,0,0,1
0,38.13,20868.4,11.3,202.3,18983.1,2013.7,70.9,1,0,0,0,0,0,0,1,0,0,0,0
1,5.83,108.1,86.5,405.9,11425.8,1083.7,281.2,1,0,0,0,0,0,0,NA,NA,NA,1,0
0,37.7,1828.3,23.8,54.8,17240.8,1302,75.1,0,0,1,0,0,0,0,1,0,0,0,0
1,11.41,339.3,1031.3,512.1,9917.9,1889.7,12517.3,0,0,0,0,0,1,0,0,0,1,0,1
0,37.23,253.8,507,1389.7,19142.3,901.3,385.5,0,0,0,0,0,0,1,0,0,1,0,1
0,36.03,748.5,491.5,218.1,9732.7,1320.5,416.3,0,0,0,1,0,0,0,0,0,1,0,0
0,35.15,26493,35.7,306.8,9397.1,2345.3,56.9,1,0,0,0,0,0,0,0,0,1,0,0
1,5.37,365.3,10,1114.6,9605.4,1185.5,1340.8,0,0,0,0,1,0,0,0,1,0,0,0
0,34.53,18590.1,1129.5,47.6,13708,971.8,91.6,1,0,0,0,0,0,0,1,0,0,0,0
0,34.5,525.4,42.8,502.7,14224.9,2890.6,199.2,0,0,0,0,0,0,1,0,0,1,0,1
0,35.67,193.4,20.4,914.4,16964.5,507,7788,0,0,0,0,0,1,0,0,1,0,0,1
0,34.14,1293,32.6,17.6,9451.4,1794.5,45,0,0,1,0,0,0,0,1,0,0,0,0
0,35.13,15654.8,16.5,593.6,13072.3,1246.8,28.7,0,1,0,0,0,0,0,1,0,0,0,0
0,35.65,1785.5,25.3,21.9,16066.4,2494.8,82.6,0,1,0,0,0,0,0,1,0,0,0,0
0,35.37,18414,54.1,123.3,15586,910.3,50.4,0,1,0,0,0,0,0,1,0,0,0,0
0,33.7,16179.3,116.4,454,18726.5,537.1,238.4,0,1,0,0,0,0,0,1,0,0,0,0
0,34.23,183.4,157.4,376.1,13763.1,1460.5,10332.1,0,0,0,0,0,1,0,0,1,0,0,1
0,33.77,1046.5,2.9,218.5,18677.2,2211.6,95.8,0,0,1,0,0,0,0,1,0,0,0,0
0,33.77,382.2,6.1,538.8,11172.3,1480.5,42,0,0,0,0,0,0,1,0,1,0,0,1
0,33.57,18278.9,265.7,268.9,10577.9,939.9,50.2,1,0,0,0,0,0,0,0,0,1,0,0
1,21.37,17820.6,959.1,119.8,21783,1836,446.9,1,0,0,0,0,0,0,1,0,0,0,0
0,33.95,58.1,127.4,94.8,11219.9,1228.8,10140.4,0,0,0,0,0,1,0,1,0,0,0,1
0,34.17,460.5,335.4,1011.7,10192.1,757,877.3,0,0,0,0,0,0,1,0,0,1,0,1
0,33.07,1437,30.6,39.8,17427,2761.8,267.1,0,0,1,0,0,0,0,1,0,0,0,0
0,32.9,171.5,150.9,97.7,12182,773.9,245.1,0,0,0,1,0,0,0,0,1,0,0,0
0,32.8,228.1,8.6,433.5,12427,1800.9,204.4,0,0,0,0,0,0,1,0,1,0,0,1
0,32.61,357.6,106.2,135,8964.8,1750.4,11290.9,0,0,0,0,0,1,0,0,0,1,0,1
1,6.53,68.9,135.9,318.9,17094.9,1789.1,355.3,0,0,0,1,0,0,0,0,0,1,0,0
1,5.05,334.4,96.8,692.1,10944,1539.4,5718.1,0,0,0,0,0,0,1,0,0,1,0,1
0,30.48,523.3,16,89.8,10351,1636.7,18.5,0,0,0,1,0,0,0,1,0,0,0,0
0,32.13,1115.3,22.1,43.2,14747.8,2032.7,29.6,0,0,1,0,0,0,0,1,0,0,0,0
0,31.73,243.4,68.9,1106.6,13914,1024.6,1272.4,0,0,0,0,1,0,0,0,0,1,0,0
0,31.73,322.5,48.8,26.7,13892.1,2119.6,381.3,0,0,0,0,1,0,0,0,1,0,0,0
0,30.97,356.2,1370.2,197.3,14659.4,1089.4,308.6,0,0,0,1,0,0,0,NA,NA,NA,1,0
0,31.2,21509.3,1847.9,268.5,17392,475.1,92.4,0,1,0,0,0,0,0,0,1,0,0,0
0,30.89,999.3,9.9,292.4,12129.4,2194.2,320.9,0,0,1,0,0,0,0,1,0,0,0,0
0,30.31,14701,15.5,451.6,9512.3,483.8,802,0,1,0,0,0,0,0,1,0,0,0,0
0,31.25,17987.9,8.9,245.1,7577.4,1432.1,512.4,0,1,0,0,0,0,0,1,0,0,0,0
0,31.13,299.2,697.6,279.8,15451.5,1163.8,9497.9,0,0,0,0,0,1,0,0,1,0,0,1
0,30.28,1358.7,225.1,227.8,12990.8,1116.6,122.8,0,0,1,0,0,0,0,1,0,0,0,0
0,30.48,1023.8,4.9,32.5,8315,1694.9,27,0,0,1,0,0,0,0,1,0,0,0,0
0,30.5,358.7,84.6,402.4,10999.4,909.6,35.8,0,0,0,1,0,0,0,0,0,1,0,0
1,11.85,196.8,67.7,771.6,13060.8,1241.5,5913.1,0,0,0,0,0,0,1,0,0,1,0,1
0,29.57,314.9,39.4,144.3,25109.2,2546.8,589.4,0,0,0,1,0,0,0,0,0,1,0,0
0,29.32,12779.4,263.2,245.2,3848.5,1205.5,85.7,0,1,0,0,0,0,0,1,0,0,0,0
0,28.34,404.7,10.4,202.2,10427,1018.3,80.1,0,0,0,0,1,0,0,0,1,0,0,0
0,26.82,1487.4,15,44.5,16226.2,1911.1,46.2,0,0,1,0,0,0,0,1,0,0,0,0
0,30,660.8,72.9,370.9,23205.7,3470.1,411.8,0,0,1,0,0,0,0,1,0,0,0,0
0,30.31,19988.2,622.2,188.4,8599.9,777.4,91.4,0,1,0,0,0,0,0,1,0,0,0,0
1,7.13,1307,10.8,139.7,16430.9,2073.4,550.4,0,0,1,0,0,0,0,1,0,0,0,0
0,27.91,6039.5,713.5,650.5,6623.3,2329.7,69.5,1,0,0,0,0,0,0,1,0,0,0,0
1,14.73,12079,3.8,233.8,14116.1,1337.5,245.1,0,1,0,0,0,0,0,0,1,0,0,0
0,27.62,555.7,604,29.5,11572.8,1575.6,383.8,0,0,0,1,0,0,0,0,1,0,0,0
0,29.17,80.7,53.5,113.6,19205.3,930.9,240,0,0,0,0,1,0,0,0,1,0,0,0
0,28.6,2977.3,7.3,49.6,16743.9,1678.4,104.6,0,0,1,0,0,0,0,1,0,0,0,0
1,25.33,110.8,516.8,233.2,10950.7,1860.6,51.6,0,0,0,0,0,0,1,0,1,0,0,1
0,28.6,175.7,1710.5,425.8,13671.1,1594.9,14282.3,0,0,0,0,0,1,0,0,0,1,0,1
0,28.85,433.2,23,237.7,12623.6,2757.2,211.4,0,0,0,0,0,0,1,0,1,0,0,1
0,27.45,191.9,4.9,598.2,17736.6,994.5,1201.4,0,0,0,0,1,0,0,0,0,1,0,0
0,26.98,316.5,47,764.5,9374.2,1297.5,479.5,0,0,0,0,0,0,1,0,0,1,0,1
0,26.02,1047.5,9.9,366.6,14512.6,1752.9,353.2,0,0,1,0,0,0,0,1,0,0,0,0
0,25.4,288.4,78.9,64.7,15338.2,1772.5,316,0,0,0,0,1,0,0,1,0,0,0,0
1,22.97,926.7,82.8,118.4,14717.2,1421.5,21,0,0,1,0,0,0,0,0,1,0,0,0
0,25.4,21413.1,75.7,659.5,10246.2,2897.9,386.4,0,0,0,0,0,0,1,0,0,1,0,1
0,25.38,860.1,5.5,259,15359.1,2185.1,87.2,0,0,1,0,0,0,0,1,0,0,0,0
0,24.9,635.7,57.4,39.1,13973.8,1526.2,21.9,0,0,1,0,0,0,0,NA,NA,NA,1,0
0,25.13,3972.6,453.1,85.3,4418.3,572.6,1100.3,0,0,0,0,0,1,0,0,1,0,0,1
0,24.44,2058.8,1961.1,19.7,13279.6,1371.5,19.2,1,0,0,0,0,0,0,NA,NA,NA,1,0
0,25.3,680.9,188.3,164.7,9727.1,1582.7,5334.3,0,0,0,0,0,1,0,1,0,0,0,1
0,24.58,12783.1,31.4,79,9234.4,1412,427.3,0,1,0,0,0,0,0,1,0,0,0,0
0,24.27,16660.1,12.6,186.7,6061.1,786.7,600.5,0,1,0,0,0,0,0,0,0,1,0,0
0,24.63,488.4,5.4,21.7,18363.3,2152,357.8,0,0,0,1,0,0,0,1,0,0,0,0
0,25.37,23946.3,11.1,113.2,3525.7,1014.1,432.1,0,1,0,0,0,0,0,NA,NA,NA,1,0
0,24.42,455.3,34.6,330.8,14118.1,1842.3,518.9,0,0,0,0,1,0,0,0,1,0,0,0
0,24.58,16187.2,712.6,252.1,16705.1,1656.2,373.1,0,1,0,0,0,0,0,NA,NA,NA,1,0
1,16.95,427.8,8.7,330,13888.7,2069,571.3,0,0,0,0,0,0,1,0,0,1,0,1
0,23.45,352.8,263.6,246.6,12376.6,1557.4,10370.7,0,0,0,0,0,1,0,NA,NA,NA,1,1
0,22.24,2365.2,4.2,194.3,22412.8,3250.6,311.7,0,1,0,0,0,0,0,1,0,0,0,0
0,27.18,432.1,111.7,76.2,9653.3,1394.6,31.9,0,0,1,0,0,0,0,1,0,0,0,0
0,24.11,19066.6,28.6,239.4,20590.8,2797.1,325.2,0,1,0,0,0,0,0,0,1,0,0,0
0,27.15,190.8,659.7,40.9,14681.1,1078.7,11847.6,0,0,0,0,0,1,0,1,0,0,0,1
0,22.95,1095.9,15.4,228.1,19448.1,1841.5,63.2,0,0,1,0,0,0,0,NA,NA,NA,1,0
0,22.98,11924.6,67.8,107.5,14620,1570.9,40.3,0,1,0,0,0,0,0,NA,NA,NA,1,0
1,10.25,450.7,662,300.3,12048.5,1735,281.7,0,0,0,0,0,0,1,0,1,0,0,1
0,27.92,1480.8,5.6,97.2,19772.4,2345.2,18.9,0,0,1,0,0,0,0,NA,NA,NA,1,0
0,24.41,16330,32.8,1171.1,14434.3,900.8,1284.8,1,0,0,0,0,0,0,0,1,0,0,0
0,21.81,19847,107.4,273.3,14137.6,1625.6,146,0,1,0,0,0,0,0,1,0,0,0,0
0,22.98,481.7,89.9,373.6,20262.1,1683.1,321,0,0,1,0,0,0,0,0,1,0,0,0
0,26.71,1279.6,431,254.7,11513.2,1224.4,861.7,0,0,0,1,0,0,0,0,0,1,0,0
1,9.87,973.8,31,163.8,15861.3,1650.1,41.9,0,0,1,0,0,0,0,1,0,0,0,0
0,22.48,18889.4,20.2,229.7,13714.1,953.3,532.8,0,1,0,0,0,0,0,1,0,0,0,0
0,22.61,146.3,63.8,411.9,15993.8,1913.4,579.8,0,0,0,0,1,0,0,NA,NA,NA,1,0
0,22.59,26478.8,1165.6,323.3,30262.4,1786.2,602.7,0,1,0,0,0,0,0,1,0,0,0,0
0,23.32,481.1,191.9,152.7,9949.8,1352.2,35.8,0,0,0,1,0,0,0,NA,NA,NA,1,0
0,21.45,14201.1,235.1,272.2,16756.8,1458.3,323.4,1,0,0,0,0,0,0,NA,NA,NA,1,0
0,24.48,392.6,713.4,466.1,10321.3,1111.1,8112.1,0,0,0,0,0,1,0,0,1,0,0,1
0,21.61,100.4,1372.8,107.7,11834.1,2012,3979.2,0,0,0,0,0,1,0,0,0,1,0,1
0,21.68,1508.5,13,195.6,17386.4,1234.9,49.6,0,0,1,0,0,0,0,1,0,0,0,0
0,21.12,783.9,157.8,269.2,18675.3,2072.1,49.8,0,0,1,0,0,0,0,NA,NA,NA,1,0
0,22.25,79.7,57.4,131.6,15484.3,1254,60.6,0,0,0,1,0,0,0,0,1,0,0,0
1,2.25,242.6,17.6,518.1,7367.8,789.9,184.5,0,0,0,0,1,0,0,NA,NA,NA,1,0
0,22.02,20820.7,81.3,204.2,15572.1,1458.6,76.8,0,1,0,0,0,0,0,0,0,1,0,0
0,22.01,78.7,33.3,240.6,6702.7,5240.9,81.1,0,0,0,0,1,0,0,0,1,0,0,0
0,21.38,22186.9,5.9,172.9,14218.7,1426.6,31.4,0,1,0,0,0,0,0,NA,NA,NA,1,0
0,22.28,507.5,75.9,150.5,11850.4,2108.3,46.2,0,0,1,0,0,0,0,0,1,0,0,0
0,22.57,17444.8,33.6,86.9,20411,1928,113.9,0,1,0,0,0,0,0,1,0,0,0,0
1,17.88,484.7,65.7,975.7,13970.1,251.8,815.5,0,0,0,0,0,0,1,1,0,0,0,1
0,22.05,26079,56.8,230.7,7278.8,1823.4,36.2,0,1,0,0,0,0,0,1,0,0,0,0
0,21.85,1112.3,26.5,236.8,9503.2,1373.7,27.4,0,0,1,0,0,0,0,NA,NA,NA,1,0
0,23.78,89.9,165.3,826.1,4665,679.6,2679.7,0,0,0,0,0,1,0,0,0,1,0,1
1,12.58,55.9,553.9,64.2,7442,1966.8,34,0,0,0,1,0,0,0,1,0,0,0,0
